{"type": "generic","pools": [{"rolls": 1,"entries": [{"type": "loot_table","name": "arachneas:i/lore/ikssisksa_day_3"}]},{"rolls": {"min": 0,"max": 2},"entries": [{"type": "item","name": "bone","functions": [{"function": "set_count","count": {"min": 1,"max": 2}}]}]},{"rolls": {"min": 0,"max": 1},"entries": [{"type": "item","name": "cherry_button","functions": [{"function": "set_count","count": 1}],"weight": 5},{"type": "item","name": "cherry_planks","functions": [{"function": "set_count","count": 1}],"weight": 3},{"type": "item","name": "cherry_log","functions": [{"function": "set_count","count": 1}],"weight": 1}]}]}