{"type": "minecraft:chest","pools": [{"rolls": 1,"entries": [{"type": "minecraft:loot_table","name": "arachneas:i/lore/study_note_0"}]},{"rolls": 1,"entries": [{"type": "minecraft:loot_table","name": "arachneas:i/lore/study_note_1"}]},{"rolls": 1,"entries": [{"type": "minecraft:loot_table","name": "arachneas:i/lore/study_note_2"}]},{"rolls": 7,"entries": [{"type": "minecraft:item","weight": 1,"name": "minecraft:paper","functions": [{"function": "minecraft:set_count","count": {"min": 1,"max": 5}}]},{"type": "minecraft:item","weight": 1,"name": "minecraft:potion","functions": [{"function": "minecraft:set_potion","id": "minecraft:water"}]},{"type": "minecraft:item","weight": 1,"name": "minecraft:blaze_powder","functions": [{"function": "minecraft:set_count","count": {"min": 1,"max": 3}}]}]}]}