{"sea_level": 32,"disable_mob_generation": false,"aquifers_enabled": false,"ore_veins_enabled": false,"legacy_random_source": true,"default_block": {"Name": "deepslate"},"default_fluid": {"Name": "water","Properties": {"level": "0"}},"noise": {"min_y": -64,"height": 192,"size_horizontal": 1,"size_vertical": 2},"noise_router": {"barrier": 0,"fluid_level_floodedness": 0,"fluid_level_spread": 0,"lava": 0,"temperature": {"type": "shifted_noise","noise": "temperature","xz_scale": 0.25,"y_scale": 0,"shift_x": "shift_x","shift_y": 0,"shift_z": "shift_z"},"vegetation": {"type": "shifted_noise","noise": "vegetation","xz_scale": 0.25,"y_scale": 0,"shift_x": "shift_x","shift_y": 0,"shift_z": "shift_z"},"continents": 0,"erosion": 0,"depth": 0,"ridges": 0,"initial_density_without_jaggedness": 0,"final_density": {"type": "squeeze","argument": {"type": "mul","argument1": 0.64,"argument2": {"type": "interpolated","argument": {"type": "blend_density","argument": {"type": "add","argument1": 2.5,"argument2": {"type": "mul","argument1": {"type": "y_clamped_gradient","from_y": -72,"to_y": -40,"from_value": 0,"to_value": 1},"argument2": {"type": "add","argument1": -2.5,"argument2": {"type": "add","argument1": 0.9375,"argument2": {"type": "mul","argument1": {"type": "y_clamped_gradient","from_y": 104,"to_y": 128,"from_value": 1,"to_value": 0},"argument2": {"type": "add","argument1": -0.9375,"argument2": "nether/base_3d_noise"}}}}}}}}}},"vein_toggle": 0,"vein_ridged": 0,"vein_gap": 0},"spawn_target": [],"surface_rule": {"type": "sequence","sequence": [{"type": "condition","if_true": {"type": "not","invert": {"type": "vertical_gradient","random_name": "bedrock_roof","true_at_and_below": {"below_top": 5},"false_at_and_above": {"below_top": 0}}},"then_run": {"type": "block","result_state": {"Name": "bedrock"}}},{"type": "condition","if_true": {"type": "vertical_gradient","random_name": "bedrock_floor","true_at_and_below": {"above_bottom": 0},"false_at_and_above": {"above_bottom": 5}},"then_run": {"type": "block","result_state": {"Name": "bedrock"}}},{"type": "sequence","sequence": [{"type": "condition","if_true": {"type": "stone_depth","offset": 0,"surface_type": "floor","add_surface_depth": false,"secondary_depth_range": 0},"then_run": {"type": "condition","if_true": {"type": "water","offset": -1,"surface_depth_multiplier": 0,"add_stone_depth": false},"then_run": {"type": "sequence","sequence": [{"type": "condition","if_true": {"type": "biome","biome_is": ["arachneas:deadly_plains"]},"then_run": {"type": "block","result_state": {"Name": "mycelium"}}},{"type": "condition","if_true": {"type": "biome","biome_is": ["arachneas:deadly_desert"]},"then_run": {"type": "block","result_state": {"Name": "soul_soil"}}}]}}},{"type": "condition","if_true": {"type": "water","offset": -6,"surface_depth_multiplier": -1,"add_stone_depth": true},"then_run": {"type": "condition","if_true": {"type": "stone_depth","offset": 0,"surface_type": "floor","add_surface_depth": true,"secondary_depth_range": 0},"then_run": {"type": "sequence","sequence": [{"type": "condition","if_true": {"type": "biome","biome_is": ["arachneas:deadly_plains"]},"then_run": {"type": "block","result_state": {"Name": "dirt"}}},{"type": "condition","if_true": {"type": "biome","biome_is": ["arachneas:deadly_desert"]},"then_run": {"type": "block","result_state": {"Name": "soul_soil"}}}]}}},{"type": "condition","if_true": {"type": "stone_depth","offset": 0,"surface_type": "floor","add_surface_depth": false,"secondary_depth_range": 0},"then_run": {"type": "sequence","sequence": [{"type": "condition","if_true": {"type": "stone_depth","offset": 0,"surface_type": "ceiling","add_surface_depth": false,"secondary_depth_range": 0},"then_run": {"type": "block","result_state": {"Name": "deepslate"}}},{"type": "block","result_state": {"Name": "gravel"}}]}}]},{"type": "condition","if_true": {"type": "vertical_gradient","random_name": "deepslate","true_at_and_below": {"absolute": 0},"false_at_and_above": {"absolute": 8}},"then_run": {"type": "block","result_state": {"Name": "deepslate","Properties": {"axis": "y"}}}}]}}