[{"condition": "location_check","predicate": {"block": {"blocks": ["polished_blackstone_slab"],"state": {"type": "bottom"}}}},{"condition": "location_check","offsetX": 1,"predicate": {"block": {"blocks": ["crying_obsidian"]}}},{"condition": "location_check","offsetX": -1,"predicate": {"block": {"blocks": ["crying_obsidian"]}}},{"condition": "location_check","offsetZ": 1,"predicate": {"block": {"blocks": ["crying_obsidian"]}}},{"condition": "location_check","offsetZ": -1,"predicate": {"block": {"blocks": ["crying_obsidian"]}}},{"condition": "location_check","offsetX": 1,"offsetZ": 1,"predicate": {"block": {"blocks": ["gilded_blackstone"]}}},{"condition": "location_check","offsetX": -1,"offsetZ": 1,"predicate": {"block": {"blocks": ["gilded_blackstone"]}}},{"condition": "location_check","offsetX": 1,"offsetZ": -1,"predicate": {"block": {"blocks": ["gilded_blackstone"]}}},{"condition": "location_check","offsetX": -1,"offsetZ": -1,"predicate": {"block": {"blocks": ["gilded_blackstone"]}}},{"condition": "location_check","offsetX": 2,"predicate": {"block": {"blocks": ["polished_deepslate"]}}},{"condition": "location_check","offsetX": 3,"predicate": {"block": {"blocks": ["polished_deepslate"]}}},{"condition": "location_check","offsetX": 4,"predicate": {"block": {"blocks": ["polished_deepslate"]}}},{"condition": "location_check","offsetX": -2,"predicate": {"block": {"blocks": ["polished_deepslate"]}}},{"condition": "location_check","offsetX": -3,"predicate": {"block": {"blocks": ["polished_deepslate"]}}},{"condition": "location_check","offsetX": -4,"predicate": {"block": {"blocks": ["polished_deepslate"]}}},{"condition": "location_check","offsetZ": 2,"predicate": {"block": {"blocks": ["polished_deepslate"]}}},{"condition": "location_check","offsetZ": 3,"predicate": {"block": {"blocks": ["polished_deepslate"]}}},{"condition": "location_check","offsetZ": 4,"predicate": {"block": {"blocks": ["polished_deepslate"]}}},{"condition": "location_check","offsetZ": -2,"predicate": {"block": {"blocks": ["polished_deepslate"]}}},{"condition": "location_check","offsetZ": -3,"predicate": {"block": {"blocks": ["polished_deepslate"]}}},{"condition": "location_check","offsetZ": -4,"predicate": {"block": {"blocks": ["polished_deepslate"]}}},{"condition": "location_check","offsetX": 2,"offsetZ": 1,"predicate": {"block": {"blocks": ["polished_deepslate"]}}},{"condition": "location_check","offsetX": 3,"offsetZ": 1,"predicate": {"block": {"blocks": ["polished_deepslate"]}}},{"condition": "location_check","offsetX": 4,"offsetZ": 1,"predicate": {"block": {"blocks": ["polished_deepslate"]}}},{"condition": "location_check","offsetX": 5,"offsetZ": 1,"predicate": {"block": {"blocks": ["polished_deepslate"]}}},{"condition": "location_check","offsetX": 2,"offsetZ": -1,"predicate": {"block": {"blocks": ["polished_deepslate"]}}},{"condition": "location_check","offsetX": 3,"offsetZ": -1,"predicate": {"block": {"blocks": ["polished_deepslate"]}}},{"condition": "location_check","offsetX": 4,"offsetZ": -1,"predicate": {"block": {"blocks": ["polished_deepslate"]}}},{"condition": "location_check","offsetX": 5,"offsetZ": -1,"predicate": {"block": {"blocks": ["polished_deepslate"]}}},{"condition": "location_check","offsetX": -2,"offsetZ": 1,"predicate": {"block": {"blocks": ["polished_deepslate"]}}},{"condition": "location_check","offsetX": -3,"offsetZ": 1,"predicate": {"block": {"blocks": ["polished_deepslate"]}}},{"condition": "location_check","offsetX": -4,"offsetZ": 1,"predicate": {"block": {"blocks": ["polished_deepslate"]}}},{"condition": "location_check","offsetX": -5,"offsetZ": 1,"predicate": {"block": {"blocks": ["polished_deepslate"]}}},{"condition": "location_check","offsetX": -2,"offsetZ": -1,"predicate": {"block": {"blocks": ["polished_deepslate"]}}},{"condition": "location_check","offsetX": -3,"offsetZ": -1,"predicate": {"block": {"blocks": ["polished_deepslate"]}}},{"condition": "location_check","offsetX": -4,"offsetZ": -1,"predicate": {"block": {"blocks": ["polished_deepslate"]}}},{"condition": "location_check","offsetX": -5,"offsetZ": -1,"predicate": {"block": {"blocks": ["polished_deepslate"]}}},{"condition": "location_check","offsetZ": 2,"offsetX": 1,"predicate": {"block": {"blocks": ["polished_deepslate"]}}},{"condition": "location_check","offsetZ": 3,"offsetX": 1,"predicate": {"block": {"blocks": ["polished_deepslate"]}}},{"condition": "location_check","offsetZ": 4,"offsetX": 1,"predicate": {"block": {"blocks": ["polished_deepslate"]}}},{"condition": "location_check","offsetZ": 5,"offsetX": 1,"predicate": {"block": {"blocks": ["polished_deepslate"]}}},{"condition": "location_check","offsetZ": 2,"offsetX": -1,"predicate": {"block": {"blocks": ["polished_deepslate"]}}},{"condition": "location_check","offsetZ": 3,"offsetX": -1,"predicate": {"block": {"blocks": ["polished_deepslate"]}}},{"condition": "location_check","offsetZ": 4,"offsetX": -1,"predicate": {"block": {"blocks": ["polished_deepslate"]}}},{"condition": "location_check","offsetZ": 5,"offsetX": -1,"predicate": {"block": {"blocks": ["polished_deepslate"]}}},{"condition": "location_check","offsetZ": -2,"offsetX": 1,"predicate": {"block": {"blocks": ["polished_deepslate"]}}},{"condition": "location_check","offsetZ": -3,"offsetX": 1,"predicate": {"block": {"blocks": ["polished_deepslate"]}}},{"condition": "location_check","offsetZ": -4,"offsetX": 1,"predicate": {"block": {"blocks": ["polished_deepslate"]}}},{"condition": "location_check","offsetZ": -5,"offsetX": 1,"predicate": {"block": {"blocks": ["polished_deepslate"]}}},{"condition": "location_check","offsetZ": -2,"offsetX": -1,"predicate": {"block": {"blocks": ["polished_deepslate"]}}},{"condition": "location_check","offsetZ": -3,"offsetX": -1,"predicate": {"block": {"blocks": ["polished_deepslate"]}}},{"condition": "location_check","offsetZ": -4,"offsetX": -1,"predicate": {"block": {"blocks": ["polished_deepslate"]}}},{"condition": "location_check","offsetZ": -5,"offsetX": -1,"predicate": {"block": {"blocks": ["polished_deepslate"]}}},{"condition": "any_of","terms": [{"condition": "location_check","offsetZ": 2,"offsetX": 2,"predicate": {"block": {"blocks": ["reinforced_deepslate"]}}},{"condition": "location_check","offsetZ": 2,"offsetX": 2,"predicate": {"block": {"blocks": ["polished_basalt"]},"state": {"axis": "y"}}}]},{"condition": "any_of","terms": [{"condition": "location_check","offsetZ": -2,"offsetX": 2,"predicate": {"block": {"blocks": ["reinforced_deepslate"]}}},{"condition": "location_check","offsetZ": -2,"offsetX": 2,"predicate": {"block": {"blocks": ["polished_basalt"]},"state": {"axis": "y"}}}]},{"condition": "any_of","terms": [{"condition": "location_check","offsetZ": 2,"offsetX": -2,"predicate": {"block": {"blocks": ["reinforced_deepslate"]}}},{"condition": "location_check","offsetZ": 2,"offsetX": -2,"predicate": {"block": {"blocks": ["polished_basalt"]},"state": {"axis": "y"}}}]},{"condition": "any_of","terms": [{"condition": "location_check","offsetZ": -2,"offsetX": -2,"predicate": {"block": {"blocks": ["reinforced_deepslate"]}}},{"condition": "location_check","offsetZ": -2,"offsetX": -2,"predicate": {"block": {"blocks": ["polished_basalt"]},"state": {"axis": "y"}}}]},{"condition": "location_check","offsetX": 2,"offsetZ": 3,"predicate": {"block": {"blocks": ["polished_deepslate"]}}},{"condition": "location_check","offsetX": -2,"offsetZ": 3,"predicate": {"block": {"blocks": ["polished_deepslate"]}}},{"condition": "location_check","offsetX": 2,"offsetZ": -3,"predicate": {"block": {"blocks": ["polished_deepslate"]}}},{"condition": "location_check","offsetX": -2,"offsetZ": -3,"predicate": {"block": {"blocks": ["polished_deepslate"]}}},{"condition": "location_check","offsetZ": 2,"offsetX": 3,"predicate": {"block": {"blocks": ["polished_deepslate"]}}},{"condition": "location_check","offsetZ": -2,"offsetX": 3,"predicate": {"block": {"blocks": ["polished_deepslate"]}}},{"condition": "location_check","offsetZ": 2,"offsetX": -3,"predicate": {"block": {"blocks": ["polished_deepslate"]}}},{"condition": "location_check","offsetZ": -2,"offsetX": -3,"predicate": {"block": {"blocks": ["polished_deepslate"]}}},{"condition": "any_of","terms": [{"condition": "location_check","offsetZ": 2,"offsetX": 2,"offsetY": 1,"predicate": {"block": {"blocks": ["reinforced_deepslate"]}}},{"condition": "location_check","offsetZ": 2,"offsetX": 2,"offsetY": 1,"predicate": {"block": {"blocks": ["polished_basalt"]},"state": {"axis": "y"}}}]},{"condition": "any_of","terms": [{"condition": "location_check","offsetZ": -2,"offsetX": 2,"offsetY": 1,"predicate": {"block": {"blocks": ["reinforced_deepslate"]}}},{"condition": "location_check","offsetZ": -2,"offsetX": 2,"offsetY": 1,"predicate": {"block": {"blocks": ["polished_basalt"]},"state": {"axis": "y"}}}]},{"condition": "any_of","terms": [{"condition": "location_check","offsetZ": 2,"offsetX": -2,"offsetY": 1,"predicate": {"block": {"blocks": ["reinforced_deepslate"]}}},{"condition": "location_check","offsetZ": 2,"offsetX": -2,"offsetY": 1,"predicate": {"block": {"blocks": ["polished_basalt"]},"state": {"axis": "y"}}}]},{"condition": "any_of","terms": [{"condition": "location_check","offsetZ": -2,"offsetX": -2,"offsetY": 1,"predicate": {"block": {"blocks": ["reinforced_deepslate"]}}},{"condition": "location_check","offsetZ": -2,"offsetX": -2,"offsetY": 1,"predicate": {"block": {"blocks": ["polished_basalt"]},"state": {"axis": "y"}}}]},{"condition": "location_check","offsetX": 4,"offsetY": 1,"predicate": {"block": {"blocks": ["polished_deepslate"]}}},{"condition": "location_check","offsetX": -4,"offsetY": 1,"predicate": {"block": {"blocks": ["polished_deepslate"]}}},{"condition": "location_check","offsetZ": 4,"offsetY": 1,"predicate": {"block": {"blocks": ["polished_deepslate"]}}},{"condition": "location_check","offsetZ": -4,"offsetY": 1,"predicate": {"block": {"blocks": ["polished_deepslate"]}}},{"condition": "location_check","offsetX": 5,"offsetZ": 1,"offsetY": 1,"predicate": {"block": {"blocks": ["polished_deepslate"]}}},{"condition": "location_check","offsetX": 5,"offsetZ": -1,"offsetY": 1,"predicate": {"block": {"blocks": ["polished_deepslate"]}}},{"condition": "location_check","offsetX": -5,"offsetZ": 1,"offsetY": 1,"predicate": {"block": {"blocks": ["polished_deepslate"]}}},{"condition": "location_check","offsetX": -5,"offsetZ": -1,"offsetY": 1,"predicate": {"block": {"blocks": ["polished_deepslate"]}}},{"condition": "location_check","offsetZ": 5,"offsetX": 1,"offsetY": 1,"predicate": {"block": {"blocks": ["polished_deepslate"]}}},{"condition": "location_check","offsetZ": 5,"offsetX": -1,"offsetY": 1,"predicate": {"block": {"blocks": ["polished_deepslate"]}}},{"condition": "location_check","offsetZ": -5,"offsetX": 1,"offsetY": 1,"predicate": {"block": {"blocks": ["polished_deepslate"]}}},{"condition": "location_check","offsetZ": -5,"offsetX": -1,"offsetY": 1,"predicate": {"block": {"blocks": ["polished_deepslate"]}}},{"condition": "any_of","terms": [{"condition": "location_check","offsetZ": 2,"offsetX": 2,"offsetY": 2,"predicate": {"block": {"blocks": ["reinforced_deepslate"]}}},{"condition": "location_check","offsetZ": 2,"offsetX": 2,"offsetY": 2,"predicate": {"block": {"blocks": ["polished_basalt"]},"state": {"axis": "y"}}}]},{"condition": "any_of","terms": [{"condition": "location_check","offsetZ": -2,"offsetX": 2,"offsetY": 2,"predicate": {"block": {"blocks": ["reinforced_deepslate"]}}},{"condition": "location_check","offsetZ": -2,"offsetX": 2,"offsetY": 2,"predicate": {"block": {"blocks": ["polished_basalt"]},"state": {"axis": "y"}}}]},{"condition": "any_of","terms": [{"condition": "location_check","offsetZ": 2,"offsetX": -2,"offsetY": 2,"predicate": {"block": {"blocks": ["reinforced_deepslate"]}}},{"condition": "location_check","offsetZ": 2,"offsetX": -2,"offsetY": 2,"predicate": {"block": {"blocks": ["polished_basalt"]},"state": {"axis": "y"}}}]},{"condition": "any_of","terms": [{"condition": "location_check","offsetZ": -2,"offsetX": -2,"offsetY": 2,"predicate": {"block": {"blocks": ["reinforced_deepslate"]}}},{"condition": "location_check","offsetZ": -2,"offsetX": -2,"offsetY": 2,"predicate": {"block": {"blocks": ["polished_basalt"]},"state": {"axis": "y"}}}]},{"condition": "location_check","offsetX": 4,"offsetY": 2,"predicate": {"block": {"blocks": ["deepslate_tile_stairs"],"state": {"facing": "east","half": "bottom","shape": "straight"}}}},{"condition": "location_check","offsetX": -4,"offsetY": 2,"predicate": {"block": {"blocks": ["deepslate_tile_stairs"],"state": {"facing": "west","half": "bottom","shape": "straight"}}}},{"condition": "location_check","offsetZ": 4,"offsetY": 2,"predicate": {"block": {"blocks": ["deepslate_tile_stairs"],"state": {"facing": "south","half": "bottom","shape": "straight"}}}},{"condition": "location_check","offsetZ": -4,"offsetY": 2,"predicate": {"block": {"blocks": ["deepslate_tile_stairs"],"state": {"facing": "north","half": "bottom","shape": "straight"}}}},{"condition": "location_check","offsetX": 5,"offsetZ": 1,"offsetY": 2,"predicate": {"block": {"blocks": ["deepslate_tile_stairs"],"state": {"facing": "east","half": "top","shape": "straight"}}}},{"condition": "location_check","offsetX": 5,"offsetZ": -1,"offsetY": 2,"predicate": {"block": {"blocks": ["deepslate_tile_stairs"],"state": {"facing": "east","half": "top","shape": "straight"}}}},{"condition": "location_check","offsetX": -5,"offsetZ": 1,"offsetY": 2,"predicate": {"block": {"blocks": ["deepslate_tile_stairs"],"state": {"facing": "west","half": "top","shape": "straight"}}}},{"condition": "location_check","offsetX": -5,"offsetZ": -1,"offsetY": 2,"predicate": {"block": {"blocks": ["deepslate_tile_stairs"],"state": {"facing": "west","half": "top","shape": "straight"}}}},{"condition": "location_check","offsetZ": 5,"offsetX": 1,"offsetY": 2,"predicate": {"block": {"blocks": ["deepslate_tile_stairs"],"state": {"facing": "south","half": "top","shape": "straight"}}}},{"condition": "location_check","offsetZ": 5,"offsetX": -1,"offsetY": 2,"predicate": {"block": {"blocks": ["deepslate_tile_stairs"],"state": {"facing": "south","half": "top","shape": "straight"}}}},{"condition": "location_check","offsetZ": -5,"offsetX": 1,"offsetY": 2,"predicate": {"block": {"blocks": ["deepslate_tile_stairs"],"state": {"facing": "north","half": "top","shape": "straight"}}}},{"condition": "location_check","offsetZ": -5,"offsetX": -1,"offsetY": 2,"predicate": {"block": {"blocks": ["deepslate_tile_stairs"],"state": {"facing": "north","half": "top","shape": "straight"}}}},{"condition": "location_check","offsetZ": 2,"offsetX": 2,"offsetY": 3,"predicate": {"block": {"blocks": ["chiseled_deepslate"]}}},{"condition": "location_check","offsetZ": -2,"offsetX": 2,"offsetY": 3,"predicate": {"block": {"blocks": ["chiseled_deepslate"]}}},{"condition": "location_check","offsetZ": 2,"offsetX": -2,"offsetY": 3,"predicate": {"block": {"blocks": ["chiseled_deepslate"]}}},{"condition": "location_check","offsetZ": -2,"offsetX": -2,"offsetY": 3,"predicate": {"block": {"blocks": ["chiseled_deepslate"]}}},{"condition": "location_check","offsetX": 2,"offsetZ": -1,"offsetY": 3,"predicate": {"block": {"blocks": ["deepslate_tile_stairs"]},"state": {"facing": "north","half": "top","shape": "straight"}}},{"condition": "location_check","offsetX": 2,"offsetZ": 1,"offsetY": 3,"predicate": {"block": {"blocks": ["deepslate_tile_stairs"]},"state": {"facing": "south","half": "top","shape": "straight"}}},{"condition": "location_check","offsetX": -2,"offsetZ": -1,"offsetY": 3,"predicate": {"block": {"blocks": ["deepslate_tile_stairs"]},"state": {"facing": "north","half": "top","shape": "straight"}}},{"condition": "location_check","offsetX": -2,"offsetZ": 1,"offsetY": 3,"predicate": {"block": {"blocks": ["deepslate_tile_stairs"]},"state": {"facing": "south","half": "top","shape": "straight"}}},{"condition": "location_check","offsetZ": 2,"offsetX": -1,"offsetY": 3,"predicate": {"block": {"blocks": ["deepslate_tile_stairs"]},"state": {"facing": "west","half": "top","shape": "straight"}}},{"condition": "location_check","offsetZ": 2,"offsetX": 1,"offsetY": 3,"predicate": {"block": {"blocks": ["deepslate_tile_stairs"]},"state": {"facing": "east","half": "top","shape": "straight"}}},{"condition": "location_check","offsetZ": -2,"offsetX": -1,"offsetY": 3,"predicate": {"block": {"blocks": ["deepslate_tile_stairs"]},"state": {"facing": "west","half": "top","shape": "straight"}}},{"condition": "location_check","offsetZ": -2,"offsetX": 1,"offsetY": 3,"predicate": {"block": {"blocks": ["deepslate_tile_stairs"]},"state": {"facing": "east","half": "top","shape": "straight"}}},{"condition": "location_check","offsetX": 4,"offsetY": 3,"predicate": {"block": {"blocks": ["deepslate_tile_stairs"],"state": {"facing": "east","half": "top","shape": "straight"}}}},{"condition": "location_check","offsetX": -4,"offsetY": 3,"predicate": {"block": {"blocks": ["deepslate_tile_stairs"],"state": {"facing": "west","half": "top","shape": "straight"}}}},{"condition": "location_check","offsetZ": 4,"offsetY": 3,"predicate": {"block": {"blocks": ["deepslate_tile_stairs"],"state": {"facing": "south","half": "top","shape": "straight"}}}},{"condition": "location_check","offsetZ": -4,"offsetY": 3,"predicate": {"block": {"blocks": ["deepslate_tile_stairs"],"state": {"facing": "north","half": "top","shape": "straight"}}}},{"condition": "location_check","offsetX": 5,"offsetZ": 1,"offsetY": 3,"predicate": {"block": {"blocks": ["deepslate_tile_stairs"],"state": {"facing": "east","half": "bottom","shape": "straight"}}}},{"condition": "location_check","offsetX": 5,"offsetZ": -1,"offsetY": 3,"predicate": {"block": {"blocks": ["deepslate_tile_stairs"],"state": {"facing": "east","half": "bottom","shape": "straight"}}}},{"condition": "location_check","offsetX": -5,"offsetZ": 1,"offsetY": 3,"predicate": {"block": {"blocks": ["deepslate_tile_stairs"],"state": {"facing": "west","half": "bottom","shape": "straight"}}}},{"condition": "location_check","offsetX": -5,"offsetZ": -1,"offsetY": 3,"predicate": {"block": {"blocks": ["deepslate_tile_stairs"],"state": {"facing": "west","half": "bottom","shape": "straight"}}}},{"condition": "location_check","offsetZ": 5,"offsetX": 1,"offsetY": 3,"predicate": {"block": {"blocks": ["deepslate_tile_stairs"],"state": {"facing": "south","half": "bottom","shape": "straight"}}}},{"condition": "location_check","offsetZ": 5,"offsetX": -1,"offsetY": 3,"predicate": {"block": {"blocks": ["deepslate_tile_stairs"],"state": {"facing": "south","half": "bottom","shape": "straight"}}}},{"condition": "location_check","offsetZ": -5,"offsetX": 1,"offsetY": 3,"predicate": {"block": {"blocks": ["deepslate_tile_stairs"],"state": {"facing": "north","half": "bottom","shape": "straight"}}}},{"condition": "location_check","offsetZ": -5,"offsetX": -1,"offsetY": 3,"predicate": {"block": {"blocks": ["deepslate_tile_stairs"],"state": {"facing": "north","half": "bottom","shape": "straight"}}}},{"condition": "location_check","offsetZ": 2,"offsetX": 2,"offsetY": 4,"predicate": {"block": {"blocks": ["iron_bars"],"state": {"north": false,"south": false,"east": false,"west": false}}}},{"condition": "location_check","offsetZ": -2,"offsetX": 2,"offsetY": 4,"predicate": {"block": {"blocks": ["iron_bars"],"state": {"north": false,"south": false,"east": false,"west": false}}}},{"condition": "location_check","offsetZ": 2,"offsetX": -2,"offsetY": 4,"predicate": {"block": {"blocks": ["iron_bars"],"state": {"north": false,"south": false,"east": false,"west": false}}}},{"condition": "location_check","offsetZ": -2,"offsetX": -2,"offsetY": 4,"predicate": {"block": {"blocks": ["iron_bars"],"state": {"north": false,"south": false,"east": false,"west": false}}}},{"condition": "location_check","offsetX": 4,"offsetY": 4,"predicate": {"block": {"blocks": ["iron_bars"],"state": {"north": false,"south": false,"east": false,"west": false}}}},{"condition": "location_check","offsetX": -4,"offsetY": 4,"predicate": {"block": {"blocks": ["iron_bars"],"state": {"north": false,"south": false,"east": false,"west": false}}}},{"condition": "location_check","offsetZ": 4,"offsetY": 4,"predicate": {"block": {"blocks": ["iron_bars"],"state": {"north": false,"south": false,"east": false,"west": false}}}},{"condition": "location_check","offsetZ": -4,"offsetY": 4,"predicate": {"block": {"blocks": ["iron_bars"],"state": {"north": false,"south": false,"east": false,"west": false}}}},{"condition": "location_check","offsetX": 4,"offsetY": 5,"predicate": {"block": {"blocks": ["iron_bars"],"state": {"north": false,"south": false,"east": false,"west": false}}}},{"condition": "location_check","offsetX": -4,"offsetY": 5,"predicate": {"block": {"blocks": ["iron_bars"],"state": {"north": false,"south": false,"east": false,"west": false}}}},{"condition": "location_check","offsetZ": 4,"offsetY": 5,"predicate": {"block": {"blocks": ["iron_bars"],"state": {"north": false,"south": false,"east": false,"west": false}}}},{"condition": "location_check","offsetZ": -4,"offsetY": 5,"predicate": {"block": {"blocks": ["iron_bars"],"state": {"north": false,"south": false,"east": false,"west": false}}}}]